war,53,21,41,136812596,534429926
war,80,1,31,103477393,356247342
war,23,1,21,20867266,79774186
war,7,21,41,19351090,100150458
war,57,21,11,77876640,332793355
war,58,1,21,51790151,182178466
war,78,21,1,74850371,342035623
war,84,21,21,148271434,597280741
war,7,11,1,3891090,22155455
war,58,41,21,153570151,656658463
war,26,21,31,57217799,240011010
war,85,41,41,292904945,1179497349
war,60,31,21,132502173,555635179
war,9,1,11,4648112,21412174
war,18,1,41,31349711,123344146
war,43,21,1,41477486,193621343
war,12,41,1,22788645,119288995
war,30,31,1,42346843,202284439
war,23,1,31,30317266,115374186
war,80,1,41,135727393,465947342
war,27,41,41,94341307,404857585
war,57,21,21,100926637,412593325
war,89,41,11,199048992,868720811
war,58,1,11,28340151,101078466
war,84,21,11,114421437,482380771
war,32,11,11,29903862,126531125
war,57,21,31,123976640,492393358
war,18,1,31,23899711,94244146
war,26,21,21,46567796,200510977
war,77,11,41,164386860,605190518
war,9,1,21,8498112,38812174
war,85,41,31,258654948,1063297379
war,21,11,1,11150244,54122467
war,58,41,11,130120151,575558463
war,60,31,11,108252173,471935179
war,53,21,21,93912593,385229893
war,80,1,11,38977393,136847342
war,78,31,41,234795371,928205626
war,23,1,41,39767266,150974186
war,63,1,11,30757706,109208506
war,88,21,11,119835481,504544203
war,89,41,21,234898992,990120811
war,52,41,1,95727005,445516555
war,27,41,31,83291310,364057615
war,54,41,41,186776104,765435001
war,64,31,11,115406217,501928611
war,80,21,31,173507393,679617342
war,19,11,41,41513222,171155754
war,57,21,41,147026640,572193358
war,32,11,21,42953865,173831158
war,3,41,1,6377046,45917023
war,26,21,11,35917799,161011007
war,40,41,11,90096953,405353019
war,77,11,31,133336860,499390518
war,96,11,1,50038569,225366067
war,98,1,11,47680591,166112786
war,85,41,21,224404948,947097379
war,83,21,1,79617826,363255338
war,80,1,21,71227393,246547342
war,53,21,31,115362596,459829926
war,88,21,21,155285478,624644173
war,47,41,1,86611266,404773917
war,89,41,31,270748992,1111520811
war,27,41,21,72241310,323257615
war,32,11,31,56003865,221131158
war,80,21,41,205757393,789317342
war,64,31,21,141256217,590828611
war,19,11,31,33663222,140755754
war,89,41,41,306598989,1232920781
war,90,11,11,83177500,334365889
war,70,31,1,97882835,450204303
war,3,21,41,9137046,62387026
war,40,41,21,106346953,463053019
war,77,11,21,102286860,393590518
war,85,41,11,190154948,830897379
war,65,31,1,90943692,419246852
war,98,1,21,87130591,299212786
war,26,21,1,25267799,121511007
war,63,11,11,58377703,237623473
war,81,41,21,213910904,904073947
war,91,31,31,236996011,952407497
war,73,11,31,126462816,474657086
war,4,41,41,15600554,97642101
war,46,11,31,80063019,307698170
war,27,41,11,61191310,282457615
war,54,41,21,143076107,613635031
war,54,41,11,121226107,537735031
war,22,21,31,48603755,207447578
war,60,21,1,57687173,265700179
war,19,11,21,25813222,110355754
war,92,41,1,140935068,648209691
war,90,11,21,119427503,457065922
war,63,1,31,81657706,284408506
war,78,31,11,140445371,606905623
war,8,41,21,22394601,118865563
war,98,1,31,126580591,432312786
war,99,1,1,8314099,33339361
war,63,11,21,83827706,325223506
war,81,41,11,181260904,793073947
war,91,31,21,200346014,828407527
war,95,31,11,170850058,734400959
war,73,11,21,97012816,374057086
war,78,31,31,203345368,821105593
war,7,1,1,631087,3360425
war,1,1,1,130021,1405277
war,39,11,1,20483442,95222911
war,46,11,41,98713019,373198170
war,54,41,31,164926107,689535031
war,71,41,11,159025794,698515367
war,90,11,31,155677503,579765922
war,22,21,41,57653755,241747578
war,73,11,1,38112816,172857083
war,19,11,11,17963219,79955721
war,63,1,21,56207706,196808506
war,78,31,21,171895371,714005623
war,98,1,41,166030591,565412786
war,48,31,1,67340041,313854883
war,8,41,31,25844601,134965563
war,87,41,1,140932084,648199993
war,58,1,41,98690151,344378466
war,63,11,31,109277706,412823506
war,95,31,21,209100058,863600959
war,44,11,1,23075997,106631451
war,4,41,21,11900557,75842131
war,36,11,31,62877909,245864590
war,71,41,21,187675794,796515367
war,91,31,11,163696014,704407527
war,81,41,41,279210901,1126073917
war,90,11,41,191927503,702465922
war,22,21,11,30503755,138847575
war,44,41,11,98990997,443176451
war,12,21,31,27068645,126038998
war,36,11,21,48227909,193364590
war,18,1,21,16449711,65144146
war,84,1,1,7061434,28450741
war,58,41,41,200470148,818858433
war,68,31,11,122560261,531922043
war,8,41,41,29294598,151065533
war,93,1,1,7813033,31384213
war,79,11,1,41223882,186557231
war,81,41,31,246560904,1015073947
war,23,1,11,11417266,44174186
war,63,11,41,134727706,500423506
war,95,31,31,247350055,992800929
war,46,11,21,61413019,242198170
war,4,41,31,13750557,86742131
war,33,11,1,17372376,81522763
war,73,11,41,155912816,575257086
war,31,21,1,30035354,142731047
war,12,21,11,16968645,83438995
war,58,1,31,75240151,263278466
war,71,41,31,216325794,894515367
war,22,21,21,39553752,173147545
war,12,21,21,22018642,104738965
war,36,11,11,33577906,140864557
war,20,21,1,19546733,96065859
war,46,11,11,42763016,176698137
war,13,31,1,18742156,96935603
war,26,21,41,67867799,279511010
war,58,41,31,177020151,737758463
war,63,1,41,107107706,372008506
war,18,1,11,8999711,36044146
war,15,11,11,14289175,65622289
war,95,31,41,285600058,1122000962
war,68,31,41,204910261,814222046
war,94,21,41,241506547,921489354
war,99,31,11,178004102,764394391
war,47,1,1,3971527,16394745
war,11,1,41,19565134,84663890
war,74,31,11,133291327,576912191
war,99,41,21,261134102,1097679391
war,4,31,1,6245557,41127131
war,46,1,31,59838019,212568170
war,75,41,1,137363586,632143480
war,41,1,1,3470461,14439597
war,75,1,1,6309835,25518769
war,99,41,31,300984102,1232079391
war,67,21,41,172561750,666601938
war,42,11,21,56138975,222664738
war,52,1,41,88589085,311223318
war,99,31,21,217854102,898794391
war,67,11,31,116151750,437556938
war,68,31,31,177460258,720122013
war,94,11,31,162551547,604499354
war,68,41,41,234705258,952417013
war,40,41,1,73846953,347653019
war,87,1,41,147511970,504629098
war,68,11,1,35520261,161432043
war,50,1,1,4222060,17371569
war,66,21,1,63408239,291145327
war,15,11,21,20539178,90822322
war,84,11,1,43816437,197965771
war,47,31,11,85001530,374479775
war,4,41,11,10050557,64942131
war,36,11,41,77527909,298364590
war,99,41,11,221284102,963279391
war,46,1,41,78488019,278068170
war,74,21,11,100886327,426972191
war,42,11,11,39088972,162364705
war,94,11,21,124701547,476599354
war,52,1,31,67539085,237923318
war,99,31,31,257704099,1033194361
war,67,21,31,145511750,573801938
war,59,41,1,108475586,502586324
war,67,11,41,143201750,530356938
war,68,31,21,150010261,626022043
war,73,11,11,67562813,273457053
war,32,1,1,2718862,11506125
war,74,31,31,192991324,780712161
war,11,1,21,10265134,44663890
war,38,1,1,3219928,13461273
war,56,1,1,4723126,19326717
war,42,11,41,90238975,343264738
war,52,1,21,46489085,164623318
war,42,31,1,59008975,276664735
war,27,11,1,14261310,67822615
war,87,1,21,77411970,267029098
war,67,11,11,62051747,251956905
war,93,31,1,129599316,592077153
war,6,21,1,6197579,36693847
war,91,1,11,44296014,154732530
war,85,11,1,44334948,200257379
war,75,1,11,36559838,128718802
war,11,1,31,14915134,64663890
war,52,1,11,25439085,91323318
war,74,31,21,163141327,678812191
war,24,41,1,44670777,217159291
war,99,41,41,340834099,1366479361
war,42,11,31,73188975,282964738
war,87,1,31,112461970,385829098
war,67,11,21,89101750,344756938
war,94,11,41,200401547,732399354
war,13,41,21,35512156,172675603
war,23,1,1,1967263,8574153
war,47,21,31,102441530,410984778
war,91,1,21,80946014,278732530
war,75,1,21,66809838,231918802
war,47,31,41,142151530,574879778
war,88,21,31,190735481,744744206
war,79,41,21,208663882,882562231
war,29,11,41,62698332,245989334
war,95,21,1,91058690,414141513
war,80,21,11,109007393,460217339
war,74,21,41,190436327,732672194
war,47,21,41,121491530,477784778
war,40,1,21,35886953,129513022
war,40,41,31,122596953,520753019
war,65,1,1,5474725,22260189
war,50,11,1,26187063,120331599
war,91,1,31,117596014,402732530
war,27,31,11,49231310,224512615
war,32,21,1,30988865,146956155
war,33,31,41,100312376,415302766
war,13,41,11,30062156,150075603
war,53,21,11,72462596,310629923
war,47,21,21,83391527,344184745
war,7,21,11,10201090,55750455
war,79,41,11,176813882,774162231
war,94,21,11,127956547,537789351
war,74,31,41,222841327,882612194
war,75,1,31,97059838,335118802
war,88,21,41,226185481,864844206
war,77,31,1,107586680,493564930
war,11,1,11,5615134,24663890
war,80,21,21,141257390,569917309
war,89,21,1,85338688,388699823
war,29,1,1,2468329,10529301
war,87,1,11,42361970,148229098
war,14,1,1,1215664,5640681
war,40,1,11,19636953,71813022
war,40,41,41,138846950,578452989
war,13,41,41,46412153,217875573
war,33,31,31,86862373,366702733
war,91,1,41,154246014,526732530
war,40,1,41,68386953,244913022
war,27,31,21,60281310,265312615
war,47,21,11,64341530,277384775
war,7,21,21,13251087,70550425
war,15,11,31,26789178,116022322
war,47,31,21,104051530,441279775
war,67,21,11,91411750,388201935
war,94,21,21,165806544,665689321
war,75,1,41,127309838,438318802
war,38,21,1,36709931,172401303
war,60,31,41,181002173,723035182
war,94,11,11,86851544,348699321
war,18,41,1,33729711,168224143
war,46,1,11,22538019,81568170
war,67,21,21,118461747,481001905
war,74,21,21,130736324,528872161
war,15,11,41,33039178,141222322
war,7,11,11,6941087,36955425
war,33,31,21,73412376,318102763
war,13,41,31,40962156,195275603
war,40,1,31,52136953,187213022
war,7,21,31,16301090,85350458
war,27,31,31,71331307,306112585
war,94,21,31,203656547,793589354
war,72,11,1,37594305,170565475
war,47,31,31,123101527,508079745
war,36,31,1,50677909,239474587
war,56,11,1,29298129,134031747
war,46,1,21,41188019,147068170
war,74,21,31,160586327,630772194
war,33,41,41,114882373,484992733
war,54,21,1,51966107,240255031
war,60,31,31,156752170,639335149
war,33,31,11,59962376,269502763
war,85,31,21,187214948,775617379
war,53,11,31,92092596,350989926
war,33,41,21,87982376,387792763
war,94,21,1,90105587,409886231
war,83,11,11,76747923,309290633
war,84,31,31,218876434,881695741
war,34,41,11,76755887,348617871
war,27,21,1,26221310,125767615
war,84,11,11,77666434,312865741
war,52,11,41,111424085,418098318
war,60,21,11,81937173,349400179
war,33,41,31,101432376,436392763
war,85,31,11,152964948,659417379
war,7,31,41,22611090,118945458
war,53,11,21,70642596,276389926
war,91,41,11,203496014,887632527
war,37,21,1,35756420,168176195
war,33,41,11,74532376,339192763
war,14,31,1,20130667,103110711
war,83,11,21,110197926,422890666
war,84,31,41,252726437,996595774
war,97,11,1,50557080,227657675
war,78,21,41,200650371,770435626
war,34,41,21,90605887,398517871
war,84,11,21,111516437,427765774
war,8,31,41,25599601,130320566
war,29,11,11,27148329,115789301
war,60,21,21,106187170,433100149
war,84,21,1,80571341,367480459
war,92,41,11,205719525,897057635
war,7,31,31,19561087,104145425
war,47,1,11,23021530,83194778
war,81,31,31,211110901,851423917
war,53,11,11,49192593,201789893
war,37,41,11,83426420,377016195
war,78,21,31,169200371,663335626
war,79,41,41,272363879,1099362201
war,34,41,31,104455887,448417871
war,84,31,11,151176437,651895771
war,34,41,41,118305884,498317841
war,62,11,1,32409195,147731895
war,84,11,31,145366437,542665774
war,52,11,21,69324085,271498318
war,87,11,11,80421967,323624065
war,29,11,21,38998332,159189334
war,60,21,31,130437173,516800182
war,77,21,41,198096860,761010518
war,53,31,41,160082596,643269926
war,92,41,21,242769525,1022357635
war,81,31,1,113118872,518287343
war,81,31,41,243760904,962423950
war,91,21,11,123896014,521182527
war,8,11,1,4409601,24430563
war,79,41,31,240513882,990962231
war,84,31,21,185026437,766795771
war,37,41,21,98476420,430816195
war,78,21,21,137750368,556235593
war,49,31,1,68728548,320076478
war,7,31,21,16511090,89345455
war,29,11,31,50848332,202589334
war,87,11,21,115471970,442424098
war,52,11,31,90374085,344798318
war,78,21,11,106300371,449135623
war,60,21,41,154687173,600500182
war,9,41,1,17318112,94852171
war,81,1,41,137410904,471473950
war,29,1,41,49868332,184129334
war,92,41,31,279819525,1147657635
war,84,11,41,179216437,657565774
war,54,31,1,75671107,351045031
war,47,1,31,61121530,216794778
war,2,1,41,4413535,34930418
war,57,11,1,29816640,136323355
war,46,21,41,118938019,468328170
war,51,1,1,4305571,17698177
war,57,1,1,4806637,19653325
war,81,31,11,145810904,629423947
war,91,41,41,313446011,1259632497
war,22,11,1,11668755,56397575
war,7,31,11,13461090,74545455
war,8,1,11,4164601,19785566
war,12,31,11,22403645,112013995
war,87,11,31,150521970,561224098
war,92,41,41,316869522,1272957605
war,12,1,31,16198645,68888998
war,8,31,11,15249601,82020563
war,36,21,11,49452909,216419587
war,89,31,1,124131612,567564326
war,29,1,31,38018332,140729334
war,38,41,21,101099931,441541303
war,78,41,21,206040371,871775623
war,47,1,21,42071530,149994778
war,46,21,31,100288019,402828170
war,81,31,21,178460904,740423947
war,12,31,31,32503642,154613965
war,64,31,1,89555625,413026687
war,41,41,1,75670452,355839588
war,12,31,21,27453645,133313995
war,41,1,41,70070464,250439630
war,51,41,1,93904070,437393319
war,87,11,41,185571970,680024098
war,52,11,11,48274082,198198285
war,12,11,11,11533642,54863965
war,36,21,21,64102906,268919557
war,46,21,21,81638016,337328137
war,12,1,41,21248645,90188998
war,60,11,1,31372173,143165179
war,29,1,21,26168332,97329334
war,78,41,11,174590371,764675623
war,38,41,11,85649931,386441303
war,68,41,11,152355261,670117043
war,59,31,1,82613502,382059551
war,91,41,21,240146014,1011632527
war,28,11,1,14779821,70097723
war,36,21,41,93402909,373919590
war,85,31,41,255714948,1008017382
war,83,11,31,143647926,536490666
war,2,1,21,2313535,18330418
war,8,1,31,11064601,51985566
war,66,1,1,5558236,22585297
war,95,11,1,49520058,223090959
war,12,31,41,37553645,175913998
war,8,31,31,22149598,114220533
war,36,21,31,78752909,321419590
war,38,41,41,131999928,551741273
war,24,31,1,34015777,165094291
war,75,41,41,258669835,1045938769
war,12,1,11,6098645,26288998
war,70,41,1,128403875,591846433
war,29,1,11,14318332,53929334
war,68,41,21,179805261,764217043
war,53,11,41,113542596,425589926
war,78,41,41,268940368,1085975593
war,2,1,31,3363535,26630418
war,76,41,1,139149333,640145855
war,85,31,31,221464945,891817349
war,4,41,1,8200557,54042131
war,83,11,41,177097926,650090666
war,24,1,1,2050774,8899261
war,15,1,1,1299175,5967289
war,47,1,41,80171530,283594778
war,91,41,31,276796014,1135632527
war,8,1,21,7614601,35885566
war,48,1,1,4055038,16719853
war,33,1,1,2802373,11832733
war,81,41,1,140936068,648212941
war,60,1,1,5057170,20630149
war,83,31,1,115882246,530639703
war,8,31,21,18699601,98120563
war,12,1,21,11148645,47588998
war,39,1,1,3303439,13787881
war,38,41,31,116549931,496641303
war,68,41,31,207255261,858317043
war,42,1,1,3553972,14764705
war,78,41,31,237490371,978875623
war,43,21,21,76377483,316821313
war,11,11,41,24565134,111288890
war,88,31,1,122762721,561406483
war,69,41,41,238128769,965803621
war,43,11,11,40007483,165956313
war,86,1,11,41878459,146602490
war,44,41,41,152540994,631876421
war,41,1,11,20120464,73439630
war,3,1,41,6097046,40457026
war,12,11,41,26683645,118763998
war,50,41,11,112332063,499911599
war,93,11,41,198283036,724924246
war,44,31,31,115335994,477761421
war,39,11,21,52183442,208022914
war,51,1,11,24955574,89698210
war,76,1,11,37043349,130343910
war,43,31,41,130197486,529286346
war,75,41,21,198169838,839538799
war,43,21,11,58927486,255221343
war,75,31,11,135079838,584433799
war,19,1,11,9483222,37670754
war,2,1,11,1263535,10030418
war,43,11,21,57457486,227556346
war,86,1,21,76528459,264102490
war,7,21,1,7151090,40950455
war,44,41,31,134690997,568976451
war,39,11,11,36333439,151622881
war,44,41,21,116840997,506076451
war,12,21,41,32118645,147338998
war,3,1,31,4647046,30857026
war,53,31,1,74282584,344869884
war,44,31,41,133185997,540661454
war,76,1,21,67693349,234843910
war,43,31,31,112747483,467686313
war,75,41,31,228419838,942738799
war,50,31,11,90367063,396951599
war,19,41,1,35553222,176410751
war,37,21,31,80906420,329576198
war,21,21,1,20500244,100322467
war,43,21,41,111277486,440021346
war,55,21,1,52919618,244511639
war,69,41,21,182428772,775003651
war,86,41,1,140934860,648209015
war,41,1,31,53420464,191439630
war,50,41,31,152832063,641311599
war,3,1,21,3197046,21257026
war,39,11,41,83883442,320822914
war,12,11,21,16583645,76163998
war,22,1,41,38083755,145447578
war,30,21,1,29081843,138474439
war,76,1,31,98343349,339343910
war,56,21,1,53873129,248736747
war,57,1,41,97006640,338853358
war,36,31,41,109277909,449474590
war,43,21,31,93827486,378421346
war,91,31,41,273646014,1076407530
war,37,21,41,95956420,383376198
war,69,41,31,210278772,870403651
war,44,31,11,79635997,351961451
war,13,41,1,24612156,127475603
war,2,1,1,213532,1730385
war,41,1,21,36770464,132439630
war,50,41,21,132582063,570611599
war,44,31,21,97485997,414861451
war,12,11,31,21633645,97463998
war,90,21,41,231292503,883725922
war,39,11,31,68033442,264422914
war,22,1,31,29033755,111147578
war,8,1,1,714598,3685533
war,3,1,11,1747046,11657026
war,38,11,1,19964931,92931303
war,76,1,41,128993349,443843910
war,8,41,11,18944601,102765563
war,90,11,1,46927503,211665919
war,36,31,31,94627906,396974557
war,75,41,11,167919838,736338799
war,85,1,1,7144945,28777349
war,23,41,1,42847266,209034183
war,50,21,21,88652060,364691569
war,37,21,11,50806420,221976195
war,91,21,21,160546011,645182497
war,37,31,21,82166420,353296195
war,9,41,11,21168112,112252171
war,19,1,41,33033222,128870754
war,37,41,31,113526420,484616195
war,58,41,1,106657607,494417695
war,22,1,21,19983755,76847578
war,67,11,1,35001750,159156935
war,90,21,31,195042503,761025922
war,32,11,1,16853865,79231155
war,48,41,1,88434665,412898661
war,77,21,21,135996857,549410485
war,77,11,11,71236857,287790485
war,82,41,21,216534415,914799055
war,11,21,21,20265131,97913857
war,36,31,21,79977909,344474587
war,50,31,41,151117063,609051602
war,57,1,21,50906640,179253358
war,90,31,41,270657503,1064985922
war,5,31,1,7634068,47348739
war,11,11,11,10615131,51288857
war,91,21,31,197196014,769182530
war,37,21,21,65856417,275776165
war,43,41,11,96767486,433751343
war,50,21,31,108902063,435391602
war,51,1,41,86905574,305698210
war,69,41,11,154578772,679603651
war,80,41,1,140935900,648212395
war,37,31,11,67116420,299496195
war,78,11,11,72155368,291365593
war,37,41,41,128576417,538416165
war,22,1,11,10933755,42547578
war,50,41,41,173082060,712011569
war,90,21,21,158792500,638325889
war,94,1,1,7896544,31709321
war,29,11,1,15298332,72389331
war,77,21,31,167046860,655210518
war,82,41,11,183484415,802499055
war,43,41,21,114217486,495351343
war,76,1,1,6393346,25843877
war,82,31,1,114500719,524440793
war,57,1,31,73956640,259053358
war,36,31,11,65327909,291974587
war,11,21,31,24915134,117913890
war,11,11,21,15265134,71288890
war,91,21,41,233846014,893182530
war,51,1,31,66255574,233698210
war,37,31,41,112266420,460896198
war,9,41,31,28868112,147052171
war,19,1,21,17333222,68070754
war,25,31,1,35404288,171315899
war,61,11,1,31890684,145456787
war,78,11,21,103605371,398465626
war,86,1,31,111178459,381602490
war,90,21,11,122542503,515625919
war,65,21,1,62454728,286920219
war,84,21,41,215971437,827080774
war,43,41,31,131667486,556951343
war,90,31,21,198157503,819585919
war,11,21,41,29565134,137913890
war,50,31,21,110617063,467651599
war,9,1,31,12348112,56212174
war,43,31,21,95297486,406086343
war,9,1,41,16198112,73612174
war,11,11,31,19915134,91288890
war,50,21,11,68402063,293991599
war,9,41,21,25018112,129652171
war,13,1,41,22932156,95715606
war,37,31,31,97216417,407096165
war,19,1,31,25183222,98470754
war,78,11,31,135055371,505565626
war,86,1,41,145828459,499102490
war,77,21,11,104946860,443610515
war,84,21,31,182121437,712180774
war,51,1,21,45605574,161698210
war,43,41,41,149117483,618551313
war,42,41,1,77493959,363964683
war,50,31,31,130867060,538351569
war,43,31,11,77847486,344486343
war,57,1,11,27856640,99453358
war,90,31,31,234407500,942285889
war,29,41,1,53788332,257969331
war,56,21,21,99173126,405736717
war,59,41,21,156193662,667445071
war,61,1,1,5140681,20956757
war,22,41,1,41023755,200847575
war,13,1,31,17482156,73115606
war,32,31,21,71223865,309281155
war,57,41,31,173996640,725733355
war,54,21,41,139366107,543855034
war,48,1,21,42955041,152919886
war,33,1,11,16252376,60432766
war,30,31,41,91346843,381084442
war,68,1,11,33175261,117337046
war,81,21,41,208310904,798773950
war,57,41,1,104835964,486298658
war,83,21,31,179967926,704055666
war,31,11,11,28985351,122956017
war,56,21,11,76523129,327236747
war,70,1,41,118892283,410688762
war,53,1,11,25922596,92949926
war,55,41,41,190199615,778821609
war,56,21,31,121823129,484236750
war,59,41,11,132343662,585045071
war,32,31,31,84273862,356581125
war,13,1,21,12032156,50515606
war,52,21,41,134259085,524973318
war,58,1,1,4890148,19978433
war,57,41,41,197046637,805533325
war,83,21,41,213417926,817655666
war,48,1,11,23505041,84819886
war,64,1,1,5391214,21933581
war,81,21,31,175660904,687773950
war,68,1,21,60625261,211437046
war,4,21,1,4290557,28212131
war,90,31,11,161907503,696885919
war,85,1,41,144144948,493577382
war,70,1,31,90642283,313988762
war,92,31,1,128237597,585942619
war,53,1,21,47372596,167549926
war,55,41,31,167949618,701621639
war,59,41,41,203893659,832245041
war,50,1,31,64972063,229471602
war,33,11,11,30822373,130122733
war,13,1,11,6582156,27915606
war,34,31,21,75600887,326877871
war,2,11,1,1298535,10730415
war,65,1,41,110474728,383060222
war,57,41,11,127896640,566133355
war,33,1,31,43152376,157632766
war,58,21,21,102680148,419418433
war,15,31,1,21519178,109332319
war,34,31,31,89450884,376777841
war,68,1,31,88075261,305537046
war,81,21,21,143010901,576773917
war,92,31,11,165484525,711882635
war,48,1,41,81855041,289119886
war,82,41,41,282634412,1139399025
war,55,41,21,145699618,624421639
war,83,21,11,113067926,476855663
war,53,1,31,68822596,242149926
war,59,41,31,180043662,749845071
war,34,31,11,61750887,276977871
war,32,31,11,58173865,261981155
war,58,21,11,79230151,338318463
war,57,41,21,150946640,645933355
war,33,1,21,29702376,109032766
war,81,21,11,110360904,465773947
war,50,1,41,85222063,300171602
war,68,1,41,115525261,399637046
war,82,41,31,249584415,1027099055
war,18,31,1,25684711,127904143
war,48,1,31,62405041,221019886
war,55,41,11,123449618,547221639
war,83,21,21,146517923,590455633
war,85,1,11,41394948,144977382
war,3,31,1,4857046,34952023
war,93,1,11,45263036,157984246
war,50,1,11,24472063,88071602
war,79,31,11,142233882,614427231
war,52,21,11,71109085,305073315
war,38,31,1,53454931,251871303
war,51,41,41,176505571,725398177
war,33,11,31,57722376,227322766
war,88,1,41,149195481,510154206
war,30,1,31,39301843,144954442
war,85,21,1,81524864,371737106
war,94,31,11,169061547,726879351
war,16,11,41,35157689,148697430
war,70,41,11,156802283,689028759
war,92,31,31,239584522,962482605
war,19,31,41,58473222,255725754
war,17,41,1,31906200,160099035
war,25,41,1,46494288,225345899
war,79,31,21,174083882,722827231
war,50,1,21,44722063,158771602
war,71,11,1,37075794,168290367
war,33,11,21,44272376,178722766
war,88,1,31,113745481,390054206
war,30,1,41,51551843,189654442
war,63,11,1,32927706,150023503
war,16,11,31,28507689,122197430
war,33,1,41,56602376,206232766
war,25,1,41,43134288,162025902
war,50,21,1,48152063,223291599
war,92,31,21,202534525,837182635
war,93,11,11,85933033,345124213
war,19,31,31,50623219,225325721
war,56,21,41,144473129,562736750
war,79,31,31,205933879,831227201
war,93,1,31,120163036,411184246
war,32,31,41,97323865,403881158
war,88,1,21,78295481,269954206
war,43,11,31,74907486,289156346
war,52,21,31,113209085,451673318
war,51,41,21,135205574,581398207
war,90,21,1,86292095,392924593
war,16,11,21,21857689,95697430
war,93,11,21,123383036,471724246
war,79,31,41,237783882,939627234
war,85,1,31,109894948,377377382
war,98,31,11,176215591,756872783
war,93,1,21,82713036,284584246
war,98,11,1,51075591,229932783
war,51,41,31,155855574,653398207
war,74,41,11,165696327,726852191
war,88,1,11,42845481,149854206
war,33,11,41,71172376,275922766
war,43,11,41,92357486,350756346
war,52,21,21,92159082,378373285
war,16,11,11,15207686,69197397
war,6,31,1,9022579,53523847
war,92,31,41,276634525,1087782638
war,93,11,31,160833036,598324246
war,78,31,1,108971499,499728039
war,85,1,21,75644948,261177382
war,20,31,11,36711733,172000859
war,66,21,41,170008239,657145330
war,74,41,21,195546327,828752191
war,91,41,1,140931420,648197835
war,65,41,1,119369860,551369398
war,47,41,11,105661530,471574775
war,68,21,31,147665261,581927046
war,95,11,21,126020058,481490962
war,15,31,31,40269175,184932289
war,68,21,21,120215258,487827013
war,72,41,41,248399302,1005840445
war,73,21,11,99532816,421447083
war,41,11,31,71470464,276789630
war,45,41,21,119464508,516863059
war,14,11,11,13370664,62030681
war,7,1,21,6731090,32960458
war,66,21,31,143358239,565645330
war,14,11,31,25070667,109830714
war,20,31,21,44961733,203700859
war,13,31,41,40542156,187335606
war,43,31,1,60397486,282886343
war,45,41,41,155964505,645263029
war,74,41,31,225396327,930652191
war,68,21,41,175115261,676027046
war,94,31,41,282611547,1110579354
war,95,11,31,164270058,610690962
war,51,41,11,114555574,509398207
war,15,31,41,46519178,210132322
war,19,21,1,18593222,91840751
war,7,1,11,3681090,18160458
war,45,41,31,137714508,581063059
war,13,31,31,35092153,164735573
war,41,11,41,88120464,335789630
war,14,11,21,19220667,85930714
war,85,41,1,140928372,648187929
war,66,21,21,116708236,474145297
war,14,11,41,30920667,133730714
war,84,31,1,117258765,536775837
war,67,41,41,231281747,939091905
war,47,41,31,143761530,605174775
war,94,31,31,244761544,982679321
war,74,41,41,255246324,1032552161
war,2,41,1,4553535,37730415
war,30,1,11,14801843,55554442
war,67,41,31,204231750,846291935
war,5,31,11,9884068,59548739
war,80,41,11,179037393,783587339
war,53,41,11,119002596,528309923
war,46,21,11,62988019,271828167
war,72,41,21,190299305,807240475
war,73,21,31,158432816,622647086
war,7,1,41,12831090,62560458
war,19,31,21,42773222,194925751
war,66,21,11,90058239,382645327
war,99,31,1,137732834,628625270
war,30,1,21,27051843,100254442
war,47,41,21,124711530,538374775
war,94,31,21,206911547,854779351
war,95,11,11,87770055,352290929
war,23,31,1,32627266,158919183
war,19,31,11,34923222,164525751
war,67,41,21,177181750,753491935
war,48,21,11,65695041,282909883
war,5,11,1,2854068,17588739
war,68,21,11,92765261,393727043
war,80,41,21,211287393,893287339
war,43,11,1,22557486,104356343
war,45,41,11,101214508,452663059
war,73,21,21,128982813,522047053
war,26,31,1,36792799,177491007
war,72,41,31,219349305,906540475
war,7,1,31,9781090,47760458
war,53,1,41,90272596,316749926
war,11,31,1,15965134,84538887
war,21,11,21,28450244,120122470
war,37,1,41,63336420,228336198
war,35,11,11,32659395,137289449
war,88,11,21,116790481,447299206
war,91,11,1,47446014,213957527
war,48,21,21,85145038,351009853
war,75,11,1,39149838,177423799
war,35,11,21,46909398,188489482
war,65,1,21,57974728,202660222
war,40,11,1,21001953,97498019
war,40,31,21,88731953,379668019
war,80,41,31,243537393,1002987339
war,53,41,31,161902596,677509923
war,81,1,31,104760904,360473950
war,21,11,11,19800241,87122437
war,79,21,1,75803882,346292231
war,28,11,41,60579821,238497726
war,88,11,11,81340478,327199173
war,16,21,1,15732689,79102427
war,47,41,41,162811527,671974745
war,48,21,31,104595041,419109886
war,35,11,31,61159398,239689482
war,54,21,11,73816107,316155031
war,34,31,41,103300887,426677874
war,65,1,31,84224728,292860222
war,26,31,11,47442799,216991007
war,80,41,41,275787390,1112687309
war,53,41,21,140452596,602909923
war,81,1,21,72110904,249473950
war,5,41,1,10024068,62228739
war,72,41,11,161249305,707940475
war,40,31,11,72481953,321968019
war,20,31,31,53211730,235400829
war,95,11,41,202520058,739890962
war,21,11,41,45750244,186122470
war,88,11,41,187690481,687499206
war,28,11,31,49129821,196397726
war,3,1,1,297043,2056993
war,6,1,1,547576,3033817
war,37,11,1,19446420,90656195
war,78,11,1,40705371,184265623
war,87,31,31,226641967,912014065
war,48,21,41,124045041,487209886
war,88,41,1,140933212,648203659
war,58,31,1,81225079,375838229
war,54,21,21,95666104,392055001
war,35,11,41,75409398,290889482
war,41,11,11,38170461,158789597
war,53,41,1,97549820,453700901
war,13,31,21,29642156,142135603
war,40,31,41,121231953,495068022
war,81,1,11,39460904,138473950
war,50,41,1,92080831,429207595
war,21,11,31,37100244,153122470
war,20,31,41,61461733,267100862
war,28,11,21,37679821,154297726
war,87,31,41,261691970,1030814098
war,57,21,1,54826640,252993355
war,70,21,1,67222283,308108759
war,88,11,31,152240481,567399206
war,37,41,1,68376416,323216182
war,54,21,31,117516107,467955034
war,65,1,11,31724728,112460222
war,40,31,31,104981950,437367989
war,13,31,11,24192156,119535603
war,41,11,21,54820464,217789630
war,53,41,41,183352593,752109893
war,62,41,11,139014195,613381895
war,24,11,41,52105777,208564294
war,27,31,41,82381310,346912618
war,71,31,1,99270714,456423857
war,15,11,1,8039178,40422319
war,5,11,41,11854068,66388742
war,73,41,1,133788152,616064425
war,17,1,11,8516200,34419038
war,87,31,11,156541970,674414095
war,61,41,21,161440684,688956787
war,6,11,41,13972579,73863850
war,26,11,21,35042799,144531010
war,60,41,31,183067173,761870179
war,25,11,41,54224288,216055902
war,63,41,11,141237706,622868503
war,7,11,31,13041090,66555458
war,5,1,31,7214068,39308742
war,83,41,1,140930676,648195417
war,26,31,41,79392799,335491010
war,27,11,11,25311307,108622585
war,24,11,31,42255777,171664294
war,93,41,1,140930108,648193571
war,62,41,21,164064195,699681895
war,51,31,1,71505554,332473142
war,61,41,11,136790684,603956787
war,25,11,21,33724288,139655902
war,26,11,41,56342799,223531010
war,87,31,21,191591970,793214095
war,61,31,1,85390392,394455838
war,25,31,41,76404288,324115902
war,60,41,41,207317170,845570149
war,26,11,31,45692799,184031010
war,63,41,21,166687706,710468503
war,25,11,31,43974288,177855902
war,5,1,41,9464068,51508742
war,7,11,21,9991090,51755458
war,49,21,41,126598552,496666494
war,98,41,1,140930876,648196067
war,4,11,41,9735557,58897134
war,62,41,31,189114195,785981895
war,89,31,11,160118992,689410811
war,25,11,11,23474285,101455869
war,5,11,21,7354068,41988742
war,35,11,1,18409398,86089479
war,17,1,31,22616200,90019038
war,60,41,11,134567173,594470179
war,83,1,1,6977923,28125633
war,22,11,41,47868755,193597578
war,61,21,21,107940681,439956757
war,2,11,41,5498535,43930418
war,6,31,41,19622579,107523850
war,76,31,1,106200677,487351473
war,27,11,31,47411310,190222618
war,63,21,11,85997706,366038503
war,26,31,21,58092799,256491007
war,65,41,21,171934728,731980219
war,4,31,41,13645557,84727134
war,99,11,41,210994102,769824394
war,62,41,41,214164192,872281865
war,63,41,1,115742486,535121538
war,5,11,31,9604068,54188742
war,20,11,1,10631733,51830859
war,17,1,21,15566200,62219038
war,44,21,1,42430997,197846451
war,60,41,21,158817173,678170179
war,61,21,11,83290684,354956787
war,98,1,1,8230588,33012753
war,96,31,1,133683273,610383855
war,22,11,31,38818755,159297578
war,67,21,1,64361750,295401935
war,7,11,41,16091090,81355458
war,31,31,1,43735354,208506047
war,63,21,21,111447703,453638473
war,26,31,31,68742796,295990977
war,65,41,11,145684728,641780219
war,27,11,21,36361310,149422618
war,65,41,31,198184728,822180219
war,77,21,1,73896848,337810476
war,88,31,41,264680481,1042189206
war,69,21,1,66268772,303883651
war,89,11,11,82258989,330790781
war,4,31,31,11795554,73827101
war,46,31,1,64563019,301458167
war,99,11,31,171144102,635424394
war,34,21,1,32895887,155437871
war,49,41,41,169658549,698686461
war,2,11,21,3398535,27330418
war,64,41,41,221011214,898993581
war,65,11,1,33964728,154590219
war,23,11,11,21637263,94289153
war,65,21,11,88704728,377120219
war,62,21,31,134744195,533081898
war,22,31,41,67438755,289897578
war,42,21,1,40523975,189364735
war,52,21,1,50059085,231773315
war,25,31,11,45654288,209515899
war,22,11,21,29768755,124997578
war,3,11,21,4717046,32222026
war,5,31,31,14384065,83948709
war,89,31,41,267668992,1053610814
war,63,21,31,136897706,541238506
war,48,41,41,166235038,685299853
war,7,41,1,13671090,78540455
war,49,21,11,67048552,288466491
war,72,21,41,185329305,713790478
war,55,11,1,28779618,131756639
war,4,31,21,9945557,62927131
war,88,31,31,229230478,922089173
war,99,11,21,131294102,501024394
war,65,41,41,224434725,912380189
war,89,11,21,118108992,452190814
war,56,31,1,78448113,363441695
war,89,31,21,195968992,810810811
war,1,31,41,4680024,50555310
war,65,21,21,114954725,467320189
war,2,11,31,4448535,35630418
war,64,41,31,195161217,810093611
war,23,11,21,31087266,129889186
war,5,11,11,5104065,29788709
war,22,31,31,58388752,255597545
war,62,21,41,159794195,619381898
war,17,1,41,29666200,117819038
war,2,31,41,7668535,61930418
war,97,11,41,206757080,754857678
war,5,31,21,12134068,71748739
war,3,11,31,6167046,41822026
war,6,11,11,6022576,33363817
war,22,11,11,20718752,90697545
war,89,31,31,231818989,932210781
war,63,21,41,162347706,628838506
war,73,21,41,187882816,723247086
war,27,11,41,58461310,231022618
war,4,31,11,8095557,52027131
war,99,11,11,91444099,366624361
war,88,31,21,193780481,801989203
war,1,31,31,4030021,43555277
war,23,11,31,40537266,165489186
war,63,1,1,5307703,21608473
war,64,41,21,169311217,721193611
war,61,41,41,210740681,858956757
war,62,21,11,84644195,360481895
war,72,21,31,156279305,614490478
war,25,31,31,66154285,285915869
war,15,31,11,27769178,134532319
war,3,11,41,7617046,51422026
war,99,31,41,297554102,1167594394
war,6,11,21,8672579,46863850
war,49,21,31,106748552,427266494
war,82,21,1,78664407,358999029
war,88,31,11,158330481,681889203
war,48,41,21,127335041,549099883
war,5,1,11,2714068,14908742
war,17,11,1,9076200,44989035
war,12,1,1,1048642,4988965
war,25,11,1,13224288,63255899
war,27,1,1,2301307,9877585
war,86,31,1,120011387,549093253
war,23,11,41,49987266,201089186
war,1,31,21,3380024,36555307
war,94,31,1,130961459,598166565
war,2,11,11,2348532,19030385
war,64,41,11,143461217,632293611
war,21,31,1,29850244,146522467
war,15,1,11,7549178,31167322
war,61,41,31,186090684,773956787
war,72,21,21,127229302,515190445
war,62,21,21,109694192,446781865
war,25,31,21,55904288,247715899
war,26,11,11,24392796,105030977
war,15,31,21,34019178,159732319
war,30,11,1,15816843,74664439
war,5,31,41,16634068,96148742
war,30,1,1,2551840,10854409
war,6,11,31,11322579,60363850
war,49,21,21,86898549,357866461
war,48,41,31,146785041,617199883
war,5,1,21,4964068,27108742
war,45,1,1,3804505,15743029
war,17,31,21,38396200,177329035
war,98,31,21,215665591,889972783
war,18,31,11,33134711,157004143
war,97,31,31,252527077,1012997645
war,1,31,11,2730024,29555307
war,71,41,41,244975791,992515337
war,96,31,41,288588569,1133376070
war,70,21,31,151972283,598208762
war,71,21,21,125475791,508365337
war,97,11,11,89607077,359457645
war,13,1,1,1132153,5315573
war,2,31,11,4518535,37030415
war,25,1,11,12384288,47425902
war,16,31,21,36207689,168507427
war,49,41,11,110108552,490486491
war,17,31,11,31346200,149529035
war,98,31,31,255115588,1023072753
war,20,41,1,37376733,184535859
war,93,1,41,157613036,537784246
war,98,11,11,90525588,363032753
war,18,31,21,40584711,186104143
war,97,31,21,213477080,881197675
war,45,1,11,22054508,79943062
war,30,41,1,55611843,266094439
war,70,21,21,123722280,501508729
war,35,1,11,17219398,63684482
war,3,31,11,6307046,44552023
war,71,21,31,154125794,606365370
war,70,41,41,241552280,979128729
war,48,41,11,107885041,480999883
war,16,31,11,29557689,142007427
war,49,41,21,129958552,559886491
war,39,21,1,37663442,176657911
war,98,31,41,294565591,1156172786
war,10,1,21,9381623,41737282
war,8,31,1,11799601,65920563
war,65,21,31,141204728,557520222
war,18,31,31,48034708,215204113
war,97,31,11,174427080,749397675
war,22,31,21,49338755,221297575
war,45,1,21,40304508,144143062
war,72,21,1,69129305,316590475
war,14,21,1,13825667,70620711
war,97,11,31,167707080,623057678
war,2,31,31,6618532,53630385
war,22,31,11,40288755,186997575
war,70,41,31,213302283,882428759
war,96,31,21,211288569,872376067
war,35,41,1,64729398,306904479
war,16,31,41,49507689,221507430
war,10,41,1,19141623,102977279
war,25,1,31,32884288,123825902
war,28,1,1,2384818,10202693
war,17,11,11,16126197,72789005
war,10,1,11,5131623,23037282
war,49,41,31,149808552,629286491
war,24,31,11,43865777,201994291
war,18,31,41,55484711,244304146
war,45,1,31,58554508,208343062
war,59,21,1,56733662,261475071
war,73,1,41,123942816,427267086
war,65,21,41,167454728,647720222
war,2,31,21,5568535,45330415
war,97,11,21,128657080,491257678
war,96,31,31,249938566,1002876037
war,71,21,11,96825794,410365367
war,70,41,21,185052283,785728759
war,70,21,41,180222283,694908762
war,3,11,11,3267043,22621993
war,17,11,21,23176200,100589038
war,16,31,31,42857686,195007397
war,25,1,21,22634288,85625902
war,5,1,1,464065,2708709
war,55,41,1,101193758,470002594
war,23,31,31,60977263,265719153
war,10,1,41,17881623,79137282
war,18,11,31,31944711,134564146
war,24,31,21,53715777,238894291
war,73,1,31,94492816,326667086
war,45,1,41,76804508,272543062
war,98,11,41,208875591,762332786
war,28,31,1,39569821,189887723
war,32,11,41,69053865,268431158
war,35,1,41,59969398,217284482
war,83,11,1,43297926,195690663
war,64,21,21,113201214,460463581
war,4,11,11,4185554,26197101
war,23,31,21,51527266,230119183
war,83,1,21,73877926,255325666
war,3,31,41,10657046,73352026
war,10,1,31,13631623,60437282
war,46,1,1,3888016,16068137
war,23,31,41,70427266,301319186
war,31,1,1,2635351,11181017
war,18,11,41,39394711,163664146
war,24,31,31,63565774,275794261
war,58,21,41,149580151,581618466
war,87,21,1,83431694,380218198
war,66,31,1,92331543,425419815
war,58,21,31,126130151,500518466
war,73,1,21,65042816,226067086
war,96,31,11,172638569,741876067
war,24,31,41,73415777,312694294
war,64,21,11,87351217,371563611
war,31,11,41,66935354,260956050
war,24,21,1,23360777,113029291
war,82,1,1,6894412,27799025
war,83,1,31,107327926,368925666
war,97,21,1,92965112,422621279
war,30,31,11,54596843,246984439
war,79,1,1,6643879,26822201
war,24,11,21,32405777,134764294
war,18,11,11,17044708,76364113
war,83,1,41,140777926,482525666
war,17,31,41,52496200,232929038
war,41,31,1,57620464,270489627
war,56,41,21,148323129,635146747
war,98,11,21,129975591,496132786
war,97,1,1,8147077,32687645
war,45,41,1,82964456,388462890
war,64,21,41,164901217,638263614
war,73,1,11,35592816,125467086
war,45,11,1,23594508,108923059
war,63,41,31,192137706,798068503
war,35,1,21,31469398,114884482
war,3,31,21,7757046,54152023
war,10,11,1,5446623,28997279
war,31,11,31,54285354,214956050
war,70,21,11,95472283,404808759
war,71,21,41,182775794,704365370
war,30,31,21,66846843,291684439
war,4,11,31,7885557,47997134
war,24,11,11,22555774,97864261
war,17,31,31,45446197,205129005
war,18,11,21,24494711,105464146
war,56,41,11,125673129,556646747
war,62,21,1,59594195,274181895
war,98,11,31,169425591,629232786
war,97,31,41,291577080,1144797678
war,64,21,31,139051217,549363614
war,63,41,41,217587703,885668473
war,35,1,31,45719398,166084482
war,49,21,1,47198552,219066491
war,31,11,21,41635354,168956050
war,30,31,31,79096840,336384409
war,23,31,11,42077266,194519183
war,4,11,21,6035557,37097134
war,3,31,31,9207043,63751993
war,29,41,41,101188329,431569301
war,79,11,31,136773882,511757234
war,28,21,21,50074818,214192693
war,87,41,21,229651970,968609095
war,45,31,1,63174508,295283059
war,30,11,11,28066840,119364409
war,9,21,1,9058112,49432171
war,43,1,11,21087486,76691346
war,55,21,31,119669618,476111642
war,82,21,31,177814415,695899058
war,32,41,1,59258865,282406155
war,38,1,31,49569931,178761306
war,95,1,41,160980058,548835962
war,31,31,31,81685351,346506017
war,41,11,1,21520464,99789627
war,87,41,11,194601970,849809095
war,86,21,11,117128459,493462487
war,9,21,31,20608112,101632174
war,79,11,21,104923882,403357234
war,56,41,31,170973129,713646747
war,76,11,1,39668349,179698907
war,55,21,21,97419615,398911609
war,5,21,41,14244068,81268742
war,28,21,31,61524821,256292726
war,82,21,41,210864415,808199058
war,67,41,1,122987286,567584927
war,38,1,41,65019931,233861306
war,31,31,21,69035354,300506047
war,63,21,1,60547706,278438503
war,56,41,41,193623126,792146717
war,79,11,11,73073879,294957201
war,9,21,21,16758109,84232141
war,58,21,1,55780151,257218463
war,86,21,21,151778456,610962457
war,62,31,21,136879195,573231895
war,29,41,21,77488332,344769331
war,98,21,1,93918247,426845165
war,95,1,21,84480058,290435962
war,87,41,41,299751967,1206209065
war,30,11,31,52566843,208764442
war,78,1,21,69460371,240695626
war,85,31,1,118638136,542967740
war,27,41,1,50141310,241657615
war,19,11,1,10113222,49555751
war,9,21,11,12908112,66832171
war,50,31,1,70117063,326251599
war,29,41,31,89338332,388169331
war,52,41,41,179929082,738723285
war,62,31,11,111829195,486931895
war,79,11,41,168623882,620157234
war,87,41,31,264701970,1087409095
war,28,21,11,38624821,172092723
war,1,31,1,2080024,22555307
war,30,11,21,40316843,164064442
war,93,11,1,48483036,218524243
war,55,21,41,141919618,553311642
war,31,31,41,94335354,392506050
war,95,1,31,122730058,419635962
war,78,1,11,38010371,133595626
war,80,21,1,76757353,350517209
war,83,1,11,40427926,141725666
war,97,31,1,135034532,616484394
war,62,31,41,186979195,745831898
war,5,21,11,7494068,44668739
war,35,31,41,106289398,438099482
war,18,21,1,17639711,87584143
war,62,31,1,86778843,400630751
war,26,1,11,12867799,49051010
war,60,1,11,29307173,104330182
war,35,31,31,92039395,386899449
war,25,41,21,66994288,301745899
war,11,41,41,39565131,191163857
war,20,1,31,26466733,102695862
war,55,1,31,71389618,250601642
war,76,31,41,228818349,905408910
war,49,31,21,108428552,458876491
war,59,21,31,128283662,508675074
war,17,11,31,30226200,128389038
war,96,1,1,8063566,32361037
war,62,31,31,161929192,659531865
war,92,11,11,85014522,341532605
war,4,1,1,380554,2382101
war,4,11,1,2335557,15297131
war,26,1,21,23517799,88551010
war,30,11,41,64816843,253464442
war,60,1,21,53557173,188030182
war,81,11,1,42260904,191123947
war,20,1,41,34716733,134395862
war,25,41,31,77244288,339945899
war,49,31,31,128278549,528276461
war,59,21,41,152133662,591075074
war,17,11,41,37276200,156189038
war,55,1,21,49139618,173401642
war,82,21,11,111714415,471299055
war,69,21,41,177668772,685483654
war,72,31,41,216864305,859815478
war,79,41,1,140933020,648203035
war,45,31,41,136174508,552083062
war,5,21,31,11994068,69068742
war,11,41,11,25615134,131163887
war,55,21,11,75169618,321711639
war,21,41,41,73800241,324722437
war,60,1,31,77807173,271730182
war,31,31,11,56385354,254506047
war,87,1,1,7311967,29429065
war,25,41,41,87494285,378145869
war,35,31,11,63539398,284499479
war,20,1,11,9966733,39295862
war,86,21,31,186428459,728462490
war,90,1,1,7562500,30405889
war,49,31,41,148128552,597676494
war,69,21,31,149818772,590083654
war,36,11,1,18927909,88364587
war,59,21,11,80583662,343875071
war,82,21,21,144764412,583599025
war,81,1,1,6810901,27473917
war,5,21,21,9744065,56868709
war,23,21,1,22407266,108804183
war,45,31,31,117924505,487883029
war,11,41,21,30265134,151163887
war,13,11,41,28802156,126255606
war,84,41,1,140931940,648199525
war,9,21,41,24458112,119032174
war,60,1,41,102057173,355430182
war,10,31,1,14576623,78317279
war,21,41,31,65150244,291722467
war,11,41,31,34915134,171163887
war,35,31,21,77789398,335699479
war,20,1,21,18216733,70995862
war,45,31,21,99674508,423683059
war,86,21,41,221078459,845962490
war,31,1,11,15285354,57181050
war,55,1,41,93639618,327801642
war,96,11,11,88688566,355866037
war,96,21,41,246613569,940371070
war,59,21,21,104433659,426275041
war,69,21,21,121968769,494683621
war,40,11,31,69751953,270598022
war,72,1,31,93209305,322440478
war,14,21,31,31375667,142320714
war,51,21,1,49105574,227548207
war,14,31,41,43530667,198710714
war,72,31,21,158764305,661215475
war,46,41,21,122088019,527588167
war,78,1,1,6560368,26495593
war,13,11,31,23352156,103655606
war,72,21,11,98179305,415890475
war,15,1,21,13799178,56367322
war,73,41,31,222372816,918627083
war,44,1,1,3720994,15416421
war,35,21,1,33849398,159694479
war,19,41,11,43403222,206810751
war,21,31,11,38500244,179522467
war,45,31,11,81424508,359483059
war,86,21,1,82478307,375961993
war,31,1,21,27935354,103181050
war,96,11,21,127338569,486366070
war,39,31,41,118243442,483692914
war,14,21,41,37225667,166220714
war,41,21,41,106170464,421139630
war,15,1,31,20049178,81567322
war,2,21,1,2383535,19730415
war,46,41,31,140738019,593088167
war,72,31,31,187814302,760515445
war,1,21,11,2080024,22505307
war,14,31,31,37680664,174810681
war,29,21,1,28128332,134249331
war,13,11,21,17902156,81055606
war,40,11,41,86001953,328298022
war,13,11,11,12452153,58455573
war,17,31,1,24296200,121729035
war,19,41,21,51253222,237210751
war,21,31,21,47150244,212522467
war,92,21,1,88198981,401405867
war,73,41,21,192922816,818027083
war,69,11,11,63888769,259123621
war,39,31,31,102393439,427292881
war,31,1,31,40585354,149181050
war,96,11,31,165988569,616866070
war,41,21,31,89520464,362139630
war,72,1,41,122259305,421740478
war,89,11,31,153958992,573590814
war,15,1,41,26299178,106767322
war,40,11,11,37251950,155197989
war,44,41,1,81140901,380276139
war,72,1,11,35109305,123840478
war,14,31,21,31830667,150910711
war,1,21,21,2730021,29505277
war,46,41,41,159388016,658588137
war,39,41,41,135423439,565127881
war,69,11,31,119588772,449923654
war,6,41,11,14497579,83853847
war,20,11,11,18881730,83530829
war,60,41,1,110295877,510700967
war,68,31,1,95107941,437814503
war,71,1,11,34625794,122215370
war,35,1,1,2969395,12484449
war,21,31,31,55800241,245522437
war,88,11,1,45890481,207099203
war,73,41,11,163472816,717427083
war,41,31,31,107570461,447489597
war,31,1,41,53235354,195181050
war,39,31,21,86543442,370892911
war,96,11,41,204638569,747366070
war,19,41,31,59103222,267610751
war,66,31,41,198933239,791425330
war,69,11,21,91738772,354523654
war,53,1,1,4472593,18349893
war,41,21,21,72870461,303139597
war,55,1,11,26889618,96201642
war,59,1,1,4973659,20305041
war,93,31,41,279623036,1099204246
war,1,11,11,1430021,15455277
war,12,11,1,6483645,33563995
war,40,11,21,53501953,212898022
war,62,1,1,5224192,21281865
war,72,1,21,64159305,223140478
war,89,11,41,189808992,694990814
war,1,21,31,3380024,36505310
war,14,31,11,25980667,127010711
war,52,31,11,93944085,411948315
war,39,41,31,119573442,508727911
war,69,11,41,147438772,545323654
war,72,31,11,129714305,561915475
war,20,11,21,27131733,115230862
war,75,11,11,69399835,280623769
war,3,21,1,3337046,23987023
war,25,41,11,56744288,263545899
war,21,31,41,64450244,278522470
war,41,31,41,124220464,506489630
war,19,41,41,66953219,298010721
war,66,31,31,172283236,699925297
war,39,31,11,70693442,314492911
war,41,21,11,56220464,244139627
war,34,11,41,73290887,283397874
war,1,11,31,2730024,29455310
war,52,41,31,158879085,665423315
war,20,21,41,52546733,222865862
war,39,41,21,103723442,452327911
war,66,31,11,118983239,516925327
war,6,41,31,19797579,110853847
war,20,1,1,1716730,7595829
war,15,41,1,28259178,143787319
war,66,41,21,174558239,742705327
war,26,1,1,2217796,9550977
war,48,11,11,44600038,183864853
war,49,1,21,43838552,155846494
war,75,11,21,99649838,383823802
war,27,1,41,46501310,173077618
war,24,11,1,12705777,60964291
war,61,11,31,105840684,400456790
war,78,1,41,132360371,454895626
war,93,31,21,204723036,846004243
war,93,41,31,282843036,1159744243
war,66,41,31,201208239,834205327
war,71,1,1,5975791,24215337
war,34,21,41,88295887,355037874
war,68,1,1,5725258,23237013
war,6,31,21,14322579,80523847
war,1,21,41,4030024,43505310
war,66,31,21,145633239,608425327
war,14,1,21,12915667,53440714
war,61,21,41,157240684,609956790
war,34,11,31,59440887,233497874
war,52,41,21,137829085,592123315
war,20,21,31,44296733,191165862
war,39,41,11,87873442,395927911
war,43,1,41,73437486,261491346
war,49,1,31,63688552,225246494
war,75,11,31,129899838,487023802
war,6,41,21,17147579,97353847
war,56,41,1,103015577,478122203
war,90,31,1,125503391,573685055
war,61,11,41,130490684,485456790
war,78,1,31,100910371,347795626
war,93,31,31,242173033,972604213
war,17,1,1,1466197,6619005
war,61,21,31,132590684,524956790
war,74,31,1,103430311,474976389
war,93,41,21,245393036,1033144243
war,66,41,41,227858236,925705297
war,72,41,1,131993865,607972795
war,11,1,1,965131,4663857
war,6,31,31,16972576,94023817
war,34,11,21,45590887,183597874
war,1,11,21,2080024,22455310
war,14,1,11,7065667,29540714
war,8,11,41,18209601,88830566
war,14,21,11,19675667,94520711
war,52,41,11,116779085,518823315
war,20,21,21,36046730,159465829
war,34,21,11,46745887,205337871
war,48,11,31,83500041,320064886
war,75,11,41,160149838,590223802
war,28,21,41,72974821,298392726
war,43,1,31,55987486,199891346
war,27,1,21,24401310,91477618
war,48,11,41,102950041,388164886
war,34,21,21,60595884,255237841
war,53,11,1,27742596,127189923
war,33,31,1,46512376,220902763
war,34,11,11,31740884,133697841
war,61,11,11,56540681,230456757
war,14,21,21,25525664,118420681
war,1,11,41,3380024,36455310
war,20,21,11,27796733,127765859
war,46,41,11,103438019,462088167
war,49,1,11,23988552,86446494
war,6,41,41,22447576,124353817
war,66,41,11,147908239,651205327
war,48,11,21,64050041,251964886
war,43,1,21,38537486,138291346
war,93,31,11,167273036,719404243
war,73,41,41,251822813,1019227053
war,27,1,31,35451310,132277618
war,6,31,11,11672579,67023847
war,59,11,1,30853662,140890071
war,93,41,41,320293033,1286344213
war,34,21,31,74445887,305137874
war,61,11,21,81190684,315456790
war,8,11,21,11309601,56630566
war,82,11,21,108879415,417999058
war,90,41,11,201272503,878145919
war,82,31,41,246749415,973799058
war,28,11,11,26229818,112197693
war,83,31,41,249737926,985220666
war,9,31,41,28588112,141742174
war,28,31,31,73919818,316187693
war,17,21,1,16686200,83359035
war,9,11,21,12628112,61522174
war,86,31,21,189403459,784392487
war,94,1,11,45746547,159609354
war,29,31,21,64658332,282909331
war,54,11,31,93811107,357165034
war,8,11,31,14759601,72730566
war,82,31,31,213699412,861499025
war,37,1,11,18186420,66936198
war,74,21,1,71036327,325072191
war,50,11,41,107187063,403131602
war,82,11,11,75829412,305699025
war,83,31,31,216287923,871620633
war,51,11,41,109305574,410623210
war,28,31,21,62469821,274087723
war,9,11,31,16478112,78922174
war,54,11,21,71961107,281265034
war,86,31,11,154753459,666892487
war,94,1,21,83596547,287509354
war,27,1,11,13351310,50677618
war,29,31,31,76508329,326309301
war,79,21,41,203203882,779892234
war,82,11,41,174979415,642599058
war,10,31,11,18826623,97017279
war,90,41,31,273772503,1123545919
war,64,21,1,61501217,282663611
war,82,31,21,180649415,749199055
war,37,1,21,33236420,120736198
war,49,1,41,83538552,294646494
war,50,11,31,86937063,332431602
war,80,1,1,6727390,27147309
war,85,11,21,112834948,432657382
war,9,31,21,20888112,106942171
war,14,1,41,24615667,101240714
war,9,11,41,20328112,96322174
war,22,21,1,21453755,104547575
war,78,41,1,140931244,648197263
war,35,41,21,93229398,409304479
war,47,21,1,45291530,210584775
war,86,31,41,258703459,1019392490
war,77,1,1,6476857,26170485
war,50,11,21,66687063,261731602
war,82,11,31,141929415,530299058
war,82,31,11,147599415,636899055
war,37,1,31,48286420,174536198
war,90,41,21,237522503,1000845919
war,75,21,41,192989838,742128802
war,34,31,1,47900887,227077871
war,86,1,1,7228456,29102457
war,8,11,11,7859598,40530533
war,85,11,11,78584945,316457349
war,9,31,31,24738109,124342141
war,28,31,41,85369821,358287726
war,95,1,1,7980055,32035929
war,51,31,41,154105574,620473210
war,77,11,1,40186860,181990515
war,35,41,11,78979398,358104479
war,86,31,31,224053456,901892457
war,29,31,11,52808332,239509331
war,14,1,31,18765667,77340714
war,54,11,41,115661107,433065034
war,39,1,31,50853442,182987914
war,96,1,41,162663569,554361070
war,92,21,11,125249525,526707635
war,52,31,21,114994085,485248315
war,77,1,11,37526860,131970518
war,86,11,31,148803459,555032490
war,75,21,31,162739838,638928802
war,20,11,31,35381733,146930862
war,35,21,21,62349395,262094449
war,71,1,31,91925794,318215370
war,35,21,31,76599398,313294482
war,41,31,11,74270464,329489627
war,67,41,11,150131750,660691935
war,67,1,11,32691750,115711938
war,51,31,31,133455571,548473177
war,11,31,31,29915131,144538857
war,35,41,41,121729395,511704449
war,76,21,31,164893349,647053910
war,42,1,11,20603975,75064738
war,39,1,21,35003442,126587914
war,96,1,31,124013569,423861070
war,52,31,31,136044082,558548285
war,38,41,1,70199931,331341303
war,33,41,1,61082376,290592763
war,11,31,11,20615134,104538887
war,86,11,41,183453459,672532490
war,75,21,21,132489835,535728769
war,20,11,41,43631733,178630862
war,71,1,21,63275794,220215370
war,35,21,11,48099398,210894479
war,41,31,21,90920464,388489627
war,43,41,1,79317474,372151304
war,51,31,21,112805574,476473207
war,35,41,31,107479398,460504479
war,11,31,21,25265134,124538887
war,47,11,1,24631530,113489775
war,76,21,21,134243346,542553877
war,42,1,21,37653975,135364738
war,79,21,21,139503879,563092201
war,87,11,1,45371970,204824095
war,16,31,1,22907689,115507427
war,52,31,41,157094085,631848318
war,77,1,31,99626860,343570518
war,86,11,11,79503456,320032457
war,95,41,1,140930748,648195651
war,96,1,21,85363569,293361070
war,66,1,41,112158239,388585330
war,52,11,1,27224085,124898315
war,75,21,11,102239838,432528799
war,12,21,1,11918645,62138995
war,92,21,31,199349525,777307638
war,51,31,11,92155574,404473207
war,28,31,11,51019821,231987723
war,39,21,11,53513442,233057911
war,99,21,1,94870786,431098614
war,29,31,41,88358332,369709334
war,79,21,31,171353882,671492234
war,39,1,41,66703442,239387914
war,68,41,1,124795629,575660739
war,79,21,11,107653882,454692231
war,69,31,41,207898772,825643654
war,77,1,21,68576860,237770518
war,86,11,21,114153459,437532490
war,66,1,31,85508239,297085330
war,92,21,21,162299522,652007605
war,71,1,41,120575794,416215370
war,8,21,1,8104601,45175563
war,76,21,41,195543349,751553910
war,9,11,11,8778109,44122141
war,96,1,11,46713569,162861070
war,39,21,21,69363439,289457881
war,91,31,1,126872262,579842833
war,37,11,41,79646420,305856198
war,66,1,21,58858239,205585330
war,69,31,31,180048769,730243621
war,92,11,41,196164525,717432638
war,16,1,1,1382686,6292397
war,38,11,31,66314931,258231306
war,42,31,41,127208975,517864738
war,38,21,41,98509931,392801306
war,48,11,1,25150041,115764883
war,98,31,1,136389391,622550133
war,10,1,1,881620,4337249
war,58,11,1,30335151,138598463
war,44,21,21,78130994,323646421
war,39,21,31,85213442,345857914
war,44,11,11,40925994,169531421
war,69,21,11,94118772,399283651
war,23,11,1,12187266,58689183
war,14,41,1,26435667,135600711
war,37,11,31,64596420,252056198
war,63,31,1,88167378,406852437
war,66,1,11,32208239,114085330
war,69,31,21,152198772,634843651
war,77,1,41,130676860,449370518
war,61,1,11,29790684,105956790
war,9,11,1,4928112,26722171
war,10,11,41,22446623,103797282
war,38,11,41,81764931,313331306
war,42,31,31,110158972,457564705
war,38,21,31,83059931,337701306
war,45,21,21,79884505,330503029
war,92,21,41,236399525,902607638
war,45,21,11,61634508,266303059
war,13,11,1,7002156,35855603
war,67,1,41,113841750,394111938
war,44,21,11,60280997,260746451
war,76,31,11,136868349,591908907
war,39,21,41,101063442,402257914
war,44,11,21,58775997,232431454
war,91,11,41,194046014,709957530
war,69,31,11,124348772,539443651
war,92,11,21,122064525,466832638
war,10,21,41,27011623,128457282
war,61,1,21,54440684,190956790
war,42,41,31,128643975,544864735
war,10,11,31,18196623,85097282
war,42,31,21,93108975,397264735
war,38,21,21,67609928,282601273
war,45,21,31,98134508,394703062
war,25,1,1,2134285,9225869
war,38,31,31,99804928,417171273
war,45,11,21,60094508,237323062
war,77,41,11,172366860,755250515
war,67,1,31,86791750,301311938
war,70,11,1,36557283,165998759
war,76,31,21,167518349,696408907
war,42,1,31,54703975,195664738
war,37,11,11,34496417,144456165
war,44,11,31,76625997,295331454
war,76,21,11,103593349,438053907
war,73,31,1,102044052,468808600
war,92,11,31,159114525,592132638
war,61,1,31,79090684,275956790
war,75,21,1,71989838,329328799
war,42,41,41,145693972,605164705
war,42,31,11,76058975,336964735
war,38,21,11,52159931,227501303
war,77,41,31,234466860,966850515
war,39,41,1,72023442,339527911
war,45,21,41,116384508,458903062
war,71,41,1,130199794,599943367
war,10,11,21,13946623,66397282
war,38,31,41,115254931,472271306
war,51,21,11,69755574,299548207
war,45,11,11,41844505,173123029
war,67,1,21,59741750,208511938
war,77,41,21,203416860,861050515
war,36,21,1,34802909,163919587
war,44,11,41,94475997,358231454
war,11,31,41,34565134,164538890
war,76,31,31,198168346,800908877
war,42,1,41,71753975,255964738
war,37,11,21,49546420,198256198
war,10,31,31,27326620,134417249
war,36,41,41,125152906,525029557
war,50,11,11,46437060,191031569
war,42,41,11,94543975,424264735
war,10,21,21,18511620,91057249
war,90,41,1,140928548,648188501
war,32,1,21,28818865,106106158
war,77,41,41,265516857,1072650485
war,85,11,41,181334948,665057382
war,10,11,11,9696620,47697249
war,77,31,31,200756857,811030485
war,45,11,41,96594508,365723062
war,83,41,11,185707926,811985663
war,51,21,21,90405571,371548177
war,1,21,1,1430024,15505307
war,34,1,1,2885884,12157841
war,91,11,11,84096011,337957497
war,61,1,41,103740684,360956790
war,51,11,11,47355571,194623177
war,36,41,31,110502909,472529587
war,40,21,1,38616953,180883019
war,10,31,21,23076623,115717279
war,10,21,31,22761623,109757282
war,42,11,1,22038975,102064735
war,43,1,1,3637483,15091313
war,42,41,21,111593975,484564735
war,90,41,41,310022500,1246245889
war,29,41,11,65638332,301369331
war,32,1,11,15768865,58806158
war,49,1,1,4138549,17046461
war,95,1,11,46230058,161235962
war,85,11,31,147084948,548857382
war,79,31,1,110353638,505928938
war,77,31,21,169706860,705230515
war,9,31,11,17038112,89542171
war,51,21,31,111055574,443548210
war,77,31,11,138656860,599430515
war,45,11,31,78344508,301523062
war,83,41,21,219157926,925585663
war,76,41,41,262093346,1059263877
war,11,21,1,10965134,57913887
war,69,31,1,96495536,444033134
war,10,41,41,36141620,177777249
war,36,41,21,95852909,420029587
war,61,41,1,112112512,518865228
war,38,11,11,35414928,148031273
war,32,1,41,54918865,200706158
war,51,21,41,131705574,515548210
war,83,31,21,182837926,758020663
war,76,41,31,231443349,954763907
war,83,41,31,252607926,1039185663
war,91,11,31,157396014,585957530
war,38,1,11,18669931,68561306
war,96,41,1,140934428,648207611
war,3,11,1,1817046,13022023
war,44,21,41,113830997,449446454
war,51,11,31,88655574,338623210
war,70,1,21,62392283,217288762
war,10,31,41,31576623,153117282
war,10,21,11,14261623,72357279
war,36,41,11,81202909,367529587
war,38,11,21,50864931,203131306
war,32,1,31,41868865,153406158
war,76,41,11,170143349,745763907
war,80,11,1,41742393,188832339
war,77,31,41,231806860,916830518
war,46,21,1,44338019,206328167
war,83,31,11,149387926,644420663
war,83,41,41,286057923,1152785633
war,38,1,21,34119931,123661306
war,76,41,21,200793349,850263907
war,70,1,11,34142283,120588762
war,44,31,1,61785997,289061451
war,91,11,21,120746014,461957530
war,44,21,31,95980997,386546454
war,51,11,21,68005574,266623210
war,27,21,31,59371310,248167618
war,31,11,1,16335354,76956047
war,88,41,11,196825481,859234203
war,28,1,41,48184821,178602726
war,85,21,11,115774948,487937379
war,8,21,31,18454601,93475566
war,61,31,11,110040684,479456787
war,68,21,1,65315261,299627043
war,78,11,41,166505371,612665626
war,84,41,41,289481434,1166110741
war,29,21,11,39978332,177649331
war,86,41,31,261678459,1075322487
war,28,41,41,97764818,418182693
war,55,31,1,77059590,357266548
war,90,1,31,116312503,398505922
war,49,11,41,105068552,395656494
war,66,11,1,34483239,156865327
war,20,31,1,28461733,140300859
war,27,21,21,48321307,207367585
war,28,1,31,36734821,136502726
war,53,21,1,51012596,236029923
war,85,21,21,150024945,604137349
war,8,21,21,15004598,77375533
war,76,11,41,162268349,597698910
war,55,1,1,4639615,19001609
war,9,41,41,32718109,164452141
war,61,31,21,134690684,564456787
war,84,41,31,255631437,1051210771
war,8,41,1,15494601,86665563
war,52,1,1,4389082,18023285
war,86,41,41,296328456,1192822457
war,90,1,41,152562503,521205922
war,6,21,41,16797579,90693850
war,40,31,1,56231953,264268019
war,77,41,1,140928988,648189931
war,86,11,1,44853459,202532487
war,67,1,1,5641747,22911905
war,35,31,1,49289398,233299479
war,28,1,21,25284821,94402726
war,70,1,1,5892280,23888729
war,85,21,31,184274948,720337382
war,26,41,41,90917796,391470977
war,23,21,41,60207266,251204186
war,60,11,11,55622170,226865149
war,48,21,1,46245041,214809883
war,50,21,41,129152063,506091602
war,61,31,31,159340681,649456757
war,7,41,41,25871087,137740425
war,25,21,21,44814285,193685869
war,6,21,31,14147579,77193850
war,49,11,21,65368552,256856494
war,1,1,31,2080024,22405310
war,13,21,1,12872156,66395603
war,10,41,31,31891623,159077279
war,28,1,11,13834821,52302726
war,10,41,11,23391623,121677279
war,85,21,41,218524948,836537382
war,27,21,41,70421310,288967618
war,23,21,31,50757266,215604186
war,46,11,1,24113019,111198167
war,61,31,41,183990684,734456790
war,97,41,1,140934028,648206311
war,8,21,41,21904601,109575566
war,60,11,21,79872173,310565182
war,24,41,41,84070774,364759261
war,25,21,31,55064288,231885902
war,33,21,1,31942376,151212763
war,94,41,1,140931292,648197419
war,6,21,21,11497576,63693817
war,25,21,41,65314288,270085902
war,48,31,41,145140041,586254886
war,1,1,41,2730024,29405310
war,49,11,31,85218552,326256494
war,51,11,1,26705574,122623207
war,28,21,1,27174821,129992723
war,11,21,11,15615134,77913887
war,10,41,21,27641623,140377279
war,74,11,41,158031327,582732194
war,75,31,41,225829838,894033802
war,47,11,21,62731530,247089778
war,49,11,1,25668552,118056491
war,76,11,11,70318346,284198877
war,7,41,21,19771090,108140455
war,14,11,1,7520667,38130711
war,65,31,21,143444728,599650219
war,62,11,21,82509195,320331898
war,60,11,31,104122173,394265182
war,41,41,21,108970464,473839627
war,24,41,31,74220777,327859291
war,14,41,11,32285667,159500711
war,2,21,31,5533535,44630418
war,72,31,1,100657529,462593453
war,5,41,41,19024065,111028709
war,80,31,1,111736953,512087159
war,38,31,11,68904931,306971303
war,48,31,31,125690038,518154853
war,89,21,31,192888992,752900814
war,47,11,31,81781530,313889778
war,7,41,31,22821090,122940455
war,65,31,11,117194728,509450219
war,14,41,21,38135667,183400711
war,60,11,41,128372173,477965182
war,70,11,41,149557283,552798762
war,62,11,11,57459192,234031865
war,2,21,21,4483532,36330385
war,54,41,1,99372363,461822863
war,24,41,21,64370777,290959291
war,25,21,11,34564288,155485899
war,41,41,11,92320464,414839627
war,28,41,11,63414821,291882723
war,29,21,41,75528332,307849334
war,49,11,11,45518549,187456461
war,48,31,21,106240041,450054883
war,38,31,21,84354931,362071303
war,99,21,41,254274102,968709394
war,47,11,41,100831530,380689778
war,89,21,41,228738992,874300814
war,67,31,1,93720074,431641488
war,66,11,11,61133236,248365297
war,8,21,11,11554601,61275563
war,65,31,41,195944728,780050222
war,75,31,21,165329838,687633799
war,76,11,31,131618349,493198910
war,32,31,1,45123865,214681155
war,41,41,41,142270461,591839597
war,75,31,1,104815786,481188130
war,82,1,41,139094415,476999058
war,84,41,21,221781437,936310771
war,1,41,41,5330021,57605277
war,42,21,11,57573975,249664735
war,24,41,11,54520777,254059291
war,28,41,21,74864821,333982723
war,48,31,11,86790041,381954883
war,11,11,1,5965134,31288887
war,29,21,31,63678332,264449334
war,9,31,1,13188112,72142171
war,62,41,1,113929891,526970407
war,90,1,11,43812503,153105922
war,99,21,31,214424102,834309394
war,88,41,41,303175478,1219534173
war,76,11,21,100968349,388698910
war,7,41,11,16721090,93340455
war,88,41,21,232275481,979334203
war,88,21,1,84385177,384443215
war,89,21,11,121188992,510100811
war,65,31,31,169694725,689850189
war,66,11,21,87783239,339865330
war,75,31,31,195579835,790833769
war,84,41,11,187931437,821410771
war,82,1,31,106044415,364699058
war,41,41,31,125620464,532839627
war,2,21,41,6583535,52930418
war,42,21,21,74623972,309964705
war,29,21,21,51828329,221049301
war,28,41,31,86314821,376082723
war,90,1,21,80062503,275805922
war,93,21,1,89152048,405661032
war,99,21,21,174574099,699909361
war,89,21,21,157038989,631500781
war,88,41,31,267725481,1099434203
war,49,41,1,90257792,421084021
war,46,31,11,83213019,366958167
war,95,21,31,205810058,801745962
war,40,21,41,103616953,411683022
war,21,1,31,27750244,106922470
war,62,1,41,105424195,366481898
war,13,21,41,34672156,156795606
war,15,21,21,27279175,125277289
war,36,1,41,61652909,222809590
war,42,21,31,91673975,370264738
war,56,1,31,72673129,254826750
war,68,11,11,62970258,255532013
war,68,11,21,90420261,349632046
war,18,41,21,48629711,226424143
war,25,21,1,24314288,117285899
war,97,1,31,125297080,428087678
war,99,21,11,134724102,565509391
war,73,31,21,160952816,670037083
war,20,41,31,62126733,279635859
war,45,21,1,43384508,202103059
war,95,21,21,167560055,672545929
war,40,21,31,87366953,353983022
war,27,31,1,38181310,183712615
war,36,1,31,47002909,170309590
war,21,1,21,19100244,73922470
war,15,21,11,21029178,100077319
war,42,21,41,108723975,430564738
war,61,21,1,58640684,269956787
war,62,1,31,80374195,280181898
war,56,1,41,95323129,333326750
war,8,1,41,14514601,68085566
war,69,41,1,126597804,583778005
war,97,1,21,86247080,296287678
war,76,21,1,72943349,333553907
war,94,11,1,49001547,220799351
war,93,21,41,238953036,912064246
war,18,41,11,41179711,197324143
war,73,31,31,190402813,770637053
war,5,41,11,12274068,74428739
war,20,41,41,70376730,311335829
war,46,31,31,120513016,497958137
war,94,41,41,323716544,1299669321
war,39,1,11,19153442,70187914
war,21,1,11,10450244,40922470
war,62,11,41,132609195,492931898
war,36,1,21,32352909,117809590
war,14,41,31,43985667,207300711
war,15,21,41,39779178,175677322
war,28,41,1,51964821,249782723
war,56,1,11,27373129,97826750
war,5,41,21,14524068,86628739
war,97,1,11,47197080,164487678
war,18,11,1,9594711,47264143
war,93,21,31,201503036,785464246
war,13,21,11,18322156,88995603
war,21,21,21,37800241,166322437
war,20,41,11,45626733,216235859
war,46,31,41,139163019,563458170
war,73,31,41,219852816,871237086
war,47,11,11,43681527,180289745
war,46,31,21,101863019,432458167
war,4,1,41,7780557,45982134
war,95,21,41,244060058,930945962
war,36,1,11,17702909,65309590
war,13,21,31,29222156,134195606
war,56,1,21,50023129,176326750
war,12,41,41,42988642,204488965
war,62,11,31,107559195,406631898
war,15,21,31,33529178,150477322
war,10,21,1,10011623,53657279
war,14,41,41,49835664,231200681
war,5,41,31,16774068,98828739
war,35,21,41,90849398,364494482
war,69,11,1,36038772,163723651
war,12,41,31,37938645,183188995
war,13,21,21,23772153,111595573
war,21,21,11,29150244,133322467
war,41,21,1,39570464,185139627
war,20,41,21,53876733,247935859
war,93,21,21,164053033,658864213
war,31,41,1,57435354,274281047
war,82,41,1,140932124,648200123
war,4,1,31,5930557,35082134
war,26,41,21,69617799,312471007
war,24,1,21,21750777,82699294
war,6,21,11,8847579,50193847
war,87,21,41,223631970,855419098
war,12,41,21,32888645,161888995
war,1,1,11,780024,8405310
war,66,41,1,121181495,559455909
war,93,21,11,126603036,532264243
war,53,31,21,117182596,494069923
war,74,11,31,128181327,480832194
war,80,31,21,176272393,731602339
war,21,21,41,55100244,232322470
war,4,1,21,4080557,24182134
war,26,41,31,80267799,351971007
war,24,1,11,11900777,45799294
war,67,31,11,120771750,524446935
war,80,31,11,144022393,621902339
war,87,21,31,188581970,736619098
war,12,41,11,27838645,140588995
war,87,31,1,121385262,555267294
war,21,21,31,46450244,199322470
war,34,11,1,17890887,83797871
war,1,1,21,1430024,15405310
war,74,11,21,98331327,378932194
war,53,31,31,138632593,568669893
war,4,1,11,2230557,13282134
war,27,21,11,37271310,166567615
war,40,21,21,71116950,296282989
war,24,1,41,41450777,156499294
war,67,31,21,147821750,617246935
war,87,21,21,153531967,617819065
war,67,31,31,174871747,710046905
war,9,1,1,798109,4012141
war,68,11,41,145320261,537832046
war,86,41,11,192378459,840322487
war,55,11,41,117779618,440556642
war,62,1,21,55324195,193881898
war,94,1,31,121446547,415409354
war,54,11,11,50111104,205365001
war,73,21,1,70082816,320847083
war,74,11,11,68481324,277032161
war,80,31,41,240772393,951002342
war,81,11,11,74910901,302123917
war,21,1,41,36400244,139922470
war,26,41,11,58967799,272971007
war,40,21,11,54866953,238583019
war,94,1,41,159296547,543309354
war,34,41,1,62905887,298717871
war,24,1,31,31600777,119599294
war,67,31,41,201921750,802846938
war,68,11,31,117870261,443732046
war,86,41,21,227028459,957822487
war,97,1,41,164347080,559887678
war,87,21,11,118481970,499019095
war,62,1,11,30274195,107581898
war,73,31,11,131502816,569437083
war,52,31,1,72894085,338648315
war,39,31,1,54843442,258092911
war,81,11,21,107560904,413123950
war,53,31,11,95732596,419469923
war,80,31,31,208522390,841302309
war,30,21,21,53581840,227874409
war,82,11,1,42779415,193399055
war,64,1,31,82941217,288633614
war,59,31,11,106463662,464460071
war,79,1,41,134043882,460422234
war,29,31,1,40958332,196109331
war,32,41,31,98408865,424306155
war,56,11,11,51948126,212531717
war,99,1,31,127864102,436539394
war,55,31,41,166059618,666066642
war,92,1,1,7729522,31057605
war,57,31,21,125936640,529263355
war,32,21,11,44038865,194256155
war,84,1,11,40911437,143350774
war,55,11,21,73279618,286156642
war,54,1,31,70106107,246375034
war,31,41,41,108035351,458281017
war,80,11,41,170742393,627632342
war,58,31,11,104675151,456938463
war,31,21,21,55335351,234731017
war,74,1,21,65926327,228992194
war,56,31,41,169048129,677441750
war,89,1,31,115028992,394280814
war,44,1,41,75120997,267016454
war,81,11,31,140210904,524123950
war,92,11,1,47964525,216232635
war,30,21,31,65831843,272574442
war,59,31,21,130313662,546860071
war,69,1,41,117208772,405163654
war,74,1,11,36076327,127092194
war,33,21,11,45392376,199812763
war,64,1,41,108791217,377533614
war,32,41,21,85358865,377006155
war,19,31,1,27073222,134125751
war,57,31,11,102886640,449463355
war,84,1,21,74761437,258250774
war,99,1,21,88014102,302139394
war,54,31,41,163071107,654645034
war,55,11,31,95529618,363356642
war,54,1,41,91956107,322275034
war,80,11,31,138492393,517932342
war,58,31,21,128125151,538038463
war,32,41,11,72308865,329706155
war,2,31,1,3468535,28730415
war,89,1,21,79178992,272880814
war,31,21,31,67985354,280731050
war,30,41,41,104611840,444894409
war,44,1,31,57270997,204116454
war,59,1,41,100373662,349905074
war,81,11,41,172860904,635123950
war,34,1,31,44435887,161857874
war,30,21,41,78081843,317274442
war,56,31,11,101098129,441941747
war,33,21,21,58842373,248412733
war,36,41,1,66552909,315029587
war,64,1,11,31241217,110833614
war,7,31,1,10411090,59745455
war,79,1,21,70343882,243622234
war,54,31,31,141221104,578745001
war,84,1,31,108611437,373150774
war,93,41,11,207943036,906544243
war,80,11,21,106242393,408232342
war,58,31,31,151575148,619138433
war,30,41,31,92361843,400194439
war,44,1,21,39420997,141216454
war,89,1,11,43328992,151480814
war,57,11,31,98966640,375723358
war,59,1,31,76523662,267505074
war,56,31,21,123748129,520441747
war,34,1,41,58285887,211757874
war,57,11,11,52866637,216123325
war,32,41,41,111458862,471606125
war,79,1,31,102193882,352022234
war,33,21,31,72292376,297012766
war,64,1,21,57091217,199733614
war,74,1,1,6226324,25192161
war,99,1,41,167714102,570939394
war,89,1,1,7478989,30080781
war,59,1,21,52673662,185105074
war,55,11,11,51029615,208956609
war,84,1,41,142461437,488050774
war,54,31,21,119371107,502845031
war,21,41,1,39200244,192722467
war,80,11,11,73992390,298532309
war,58,31,41,175025151,700238466
war,30,41,21,80111843,355494439
war,44,1,11,21570997,78316454
war,95,41,11,212390058,925455959
war,31,21,11,42685354,188731047
war,57,11,21,75916640,295923358
war,16,41,1,30082689,151912427
war,56,31,31,146398126,598941717
war,54,1,1,4556104,18675001
war,94,41,21,248016547,1043869351
war,33,21,41,85742376,345612766
war,34,1,11,16735887,62057874
war,69,1,11,33658772,118963654
war,19,21,31,42143222,183040754
war,59,1,11,28823662,102705074
war,54,31,11,97521107,426945031
war,95,41,21,250640058,1054655959
war,59,11,21,78553662,305690074
war,30,41,11,67861843,310794439
war,34,1,21,30585887,111957874
war,94,41,31,285866547,1171769351
war,56,11,41,119898129,448031750
war,97,41,11,216837080,944367675
war,32,21,41,83188865,336156158
war,31,41,11,70085354,320281047
war,19,21,41,49993222,213440754
war,59,11,11,54703659,223290041
war,46,41,1,84787763,396587335
war,57,11,41,122016640,455523358
war,95,41,31,288890058,1183855959
war,1,41,1,2730024,29605307
war,1,11,1,780024,8455307
war,69,1,1,5808769,23563621
war,95,21,11,129310058,543345959
war,59,31,31,154163659,629260041
war,98,41,11,219060591,953792783
war,56,11,31,97248129,369531750
war,55,31,21,121559618,511666639
war,71,31,11,127925794,554440367
war,5,21,1,5244068,32468739
war,69,1,31,89358772,309763654
war,32,21,31,70138865,288856158
war,99,1,11,48164102,167739394
war,18,41,41,63529708,284624113
war,31,41,21,82735354,366281047
war,19,21,11,26443222,122240751
war,16,21,31,35682689,158602430
war,55,31,11,99309618,434466639
war,74,1,41,125626327,432792194
war,98,41,21,258510591,1086892783
war,95,41,41,327140055,1313055929
war,59,31,41,178013662,711660074
war,96,21,1,92011977,418365893
war,94,41,11,210166547,915969351
war,56,11,21,74598129,291031750
war,18,1,1,1549708,6944113
war,55,31,31,143809615,588866609
war,69,1,21,61508772,214363654
war,21,1,1,1800241,7922437
war,72,1,1,6059302,24540445
war,11,41,1,20965134,111163887
war,32,21,21,57088862,241556125
war,18,41,31,56079711,255524143
war,31,41,31,95385354,412281047
war,19,21,21,34293219,152640721
war,36,1,1,3052906,12809557
war,16,21,41,42332689,185102430
war,74,1,31,95776327,330892194
war,98,41,31,297960591,1219992783
war,15,21,1,14779178,74877319
war,19,1,1,1633219,7270721
war,74,11,1,38631327,175132191
war,3,41,11,7827046,55517023
war,97,41,41,333987077,1339767645
war,17,21,11,23736200,111159035
war,66,11,31,114433239,431365330
war,98,21,11,133370591,559952783
war,82,1,21,72994415,252399058
war,70,11,11,64807280,262698729
war,65,11,41,138964728,515390222
war,71,31,31,185225791,750440337
war,21,41,11,47850244,225722467
war,1,41,21,4030024,43605307
war,6,41,1,11847579,70353847
war,17,41,31,53056200,243499035
war,71,11,11,65725791,266290337
war,70,31,41,210887283,837018762
war,16,21,11,22382689,105602427
war,21,41,21,56500244,258722467
war,2,41,21,6653535,54330415
war,97,21,21,171067077,686227645
war,12,31,1,17353645,90713995
war,92,1,21,81829525,281657638
war,15,41,41,53259175,244587289
war,16,41,31,50032689,231412427
war,37,31,1,52066420,245696195
war,98,41,41,337410588,1353092753
war,96,21,31,207963569,809871070
war,23,41,11,52297266,244634183
war,22,31,1,31238755,152697575
war,66,11,41,141083239,522865330
war,17,21,21,30786197,138959005
war,82,1,11,39944415,140099058
war,72,11,11,66644302,269865445
war,89,11,1,46408992,209390811
war,65,11,31,112714728,425190222
war,71,31,21,156575794,652440367
war,17,41,41,60106197,271299005
war,1,41,31,4680024,50605307
war,71,21,1,68175782,312365328
war,99,11,1,51594102,232224391
war,92,1,11,44779525,156357638
war,2,41,31,7703535,62630415
war,97,21,31,210117080,818027678
war,16,21,21,29032686,132102397
war,96,41,41,330563566,1326381037
war,15,41,31,47009178,219387319
war,22,41,11,50073755,235147575
war,16,41,41,56682686,257912397
war,96,21,21,169313566,679371037
war,17,21,31,37836200,166759038
war,26,1,31,34167799,128051010
war,98,21,31,212270591,826152786
war,3,41,31,10727046,74717023
war,97,41,21,255887080,1076167675
war,22,41,31,68173755,303747575
war,70,11,31,121307283,456098762
war,72,11,21,95694305,369165478
war,65,11,21,86464728,334990222
war,17,41,11,38956200,187899035
war,2,21,11,3433535,28030415
war,18,21,21,32539708,145784113
war,15,41,21,40759178,194187319
war,54,11,1,28261107,129465031
war,92,1,41,155929525,532257638
war,2,41,41,8753532,70930385
war,97,21,41,249167080,949827678
war,22,41,21,59123755,269447575
war,96,21,11,130663569,548871067
war,64,11,31,110996217,418998614
war,22,1,1,1883752,8247545
war,17,21,41,44886200,194559038
war,26,1,41,44817799,167551010
war,72,11,31,124744305,468465478
war,98,21,21,172820588,693052753
war,71,31,41,213875794,848440370
war,97,41,31,294937080,1207967675
war,4,21,11,6140557,39112131
war,22,41,41,77223752,338047545
war,3,41,21,9277046,65117023
war,57,31,1,79836556,369663082
war,59,11,41,126253662,470490074
war,91,21,1,87245498,397180850
war,70,11,21,93057283,359398762
war,1,41,11,3380024,36605307
war,17,41,21,46006200,215699035
war,18,21,11,25089711,116684143
war,65,11,11,60214725,244790189
war,6,1,11,3197579,16533850
war,15,41,11,34509178,168987319
war,92,1,31,118879525,406957638
war,59,11,31,102403662,388090074
war,49,31,11,88578552,389476491
war,89,41,1,140932332,648200799
war,64,11,41,136846217,507898614
war,6,11,1,3372579,19863847
war,24,21,11,33210777,149929291
war,74,41,1,135574495,624068737
war,88,1,1,7395478,29754173
war,72,11,41,153794305,567765478
war,23,21,21,41307263,180004153
war,4,21,21,7990554,50012101
war,18,21,41,47439711,203984146
war,6,1,21,5847579,30033850
war,99,41,1,140929300,648190945
war,96,41,11,214613569,934881067
war,16,1,11,8032689,32792430
war,58,11,41,124135151,462998466
war,64,31,31,167106214,679728581
war,37,1,1,3136417,13136165
war,23,21,11,31857266,144404183
war,3,21,31,7687046,52787026
war,64,11,11,59296214,241198581
war,63,31,41,189967706,757253506
war,4,21,31,9840557,60912134
war,3,41,41,12177043,84316993
war,98,21,41,251720591,959252786
war,79,1,11,38493882,135222234
war,6,1,31,8497579,43533850
war,40,1,1,3386950,14112989
war,26,11,1,13742799,65531007
war,18,21,31,39989711,174884146
war,91,1,1,7646011,30732497
war,16,11,1,8557689,42697427
war,64,31,41,192956217,768628614
war,64,41,1,117557969,543220555
war,3,21,21,6237043,43186993
war,95,31,1,132323630,604302568
war,73,1,1,6142813,24867053
war,64,11,21,85146217,330098614
war,71,11,41,151675794,560290370
war,16,1,21,14682689,59292430
war,63,31,31,164517703,669653473
war,70,31,11,126137283,546918759
war,4,21,41,11690557,71812134
war,23,41,21,61747266,280234183
war,6,1,41,11147579,57033850
war,81,21,1,77710832,354773713
war,58,11,11,53785148,219698433
war,54,1,11,26406107,94575034
war,96,41,31,291913569,1195881067
war,16,41,11,36732689,178412427
war,63,31,21,139067706,582053503
war,3,21,11,4787046,33587023
war,31,21,41,80635354,326731050
war,24,21,41,62760777,260629294
war,71,11,31,123025794,462290370
war,16,1,31,21332689,85792430
war,70,31,21,154387283,643618759
war,23,41,31,71197266,315834183
war,60,31,1,84002093,388234919
war,24,21,21,43060774,186829261
war,30,21,11,41331843,183174439
war,57,31,31,148986637,609063325
war,26,41,1,48317799,233471007
war,58,11,21,77235151,300798466
war,47,31,1,65951530,307679775
war,70,31,31,182637280,740318729
war,2,41,11,5603535,46030415
war,54,1,21,48256107,170475034
war,58,11,31,100685151,381898466
war,97,21,11,132017080,554427675
war,57,31,41,172036640,688863358
war,96,41,21,253263569,1065381067
war,63,31,11,113617706,494453503
war,16,41,21,43382689,204912427
war,16,1,41,27982689,112292430
war,24,21,31,52910777,223729294
war,23,41,41,80647263,351434153
war,89,1,41,150878992,515680814
war,64,11,1,33446217,152298611
war,71,11,21,94375794,364290370
